{
  "configVersion": 1,
  "timestamp": 1728229110693,
  "index": "/index.html",
  "assetGroups": [
    {
      "name": "app",
      "installMode": "prefetch",
      "updateMode": "prefetch",
      "cacheQueryOptions": {
        "ignoreVary": true
      },
      "urls": [
        "/favicon.ico",
        "/index.html",
        "/main-U4N35DJ3.js",
        "/manifest.webmanifest",
        "/polyfills-CG2UM2YX.js",
        "/styles-6DTFYEXO.css"
      ],
      "patterns": []
    },
    {
      "name": "assets",
      "installMode": "lazy",
      "updateMode": "prefetch",
      "cacheQueryOptions": {
        "ignoreVary": true
      },
      "urls": [
        "/assets/Data.json",
        "/assets/Images/MyQR.jpg",
        "/assets/Images/MyQR.png",
        "/assets/Images/about-img.jpg",
        "/assets/Images/about-img.png",
        "/assets/Images/backImg.jpg",
        "/assets/Images/client1.jpg",
        "/assets/Images/client2.jpg",
        "/assets/Images/favicon.png",
        "/assets/Images/frontImg.jpg",
        "/assets/Images/hero-bg.png",
        "/assets/Images/next.png",
        "/assets/Images/prev.png",
        "/assets/Images/s1.png",
        "/assets/Images/s2.png",
        "/assets/Images/s3.png",
        "/assets/Images/slider-bg.jpg",
        "/assets/Images/slider-img.png",
        "/assets/Images/team-1.jpg",
        "/assets/Images/team-2.jpg",
        "/assets/Images/team-3.jpg",
        "/assets/Images/team-4.jpg",
        "/assets/Images/track-bg.jpg",
        "/assets/Images/w1.png",
        "/assets/Images/w2.png",
        "/assets/Images/w3.png",
        "/assets/Images/w4.png",
        "/assets/css/material-dashboard.css",
        "/assets/css/material-dashboard.css.map",
        "/assets/css/material-dashboard.min.css",
        "/assets/css/nucleo-icons.css",
        "/assets/css/nucleo-svg.css",
        "/assets/fonts/nucleo-icons.eot",
        "/assets/fonts/nucleo-icons.svg",
        "/assets/fonts/nucleo-icons.ttf",
        "/assets/fonts/nucleo-icons.woff",
        "/assets/fonts/nucleo-icons.woff2",
        "/assets/fonts/nucleo.eot",
        "/assets/fonts/nucleo.ttf",
        "/assets/fonts/nucleo.woff",
        "/assets/fonts/nucleo.woff2",
        "/assets/icons/icon-128x128.png",
        "/assets/icons/icon-144x144.png",
        "/assets/icons/icon-152x152.png",
        "/assets/icons/icon-192x192.png",
        "/assets/icons/icon-384x384.png",
        "/assets/icons/icon-512x512.png",
        "/assets/icons/icon-72x72.png",
        "/assets/icons/icon-96x96.png",
        "/assets/img/apple-icon.png",
        "/assets/img/bg-pricing.jpg",
        "/assets/img/bg-smart-home-1.jpg",
        "/assets/img/bg-smart-home-2.jpg",
        "/assets/img/bruce-mars.jpg",
        "/assets/img/down-arrow-dark.svg",
        "/assets/img/down-arrow-white.svg",
        "/assets/img/down-arrow.svg",
        "/assets/img/drake.jpg",
        "/assets/img/favicon.png",
        "/assets/img/home-decor-1.jpg",
        "/assets/img/home-decor-2.jpg",
        "/assets/img/home-decor-3.jpg",
        "/assets/img/icons/flags/AU.png",
        "/assets/img/icons/flags/BR.png",
        "/assets/img/icons/flags/DE.png",
        "/assets/img/icons/flags/GB.png",
        "/assets/img/icons/flags/US.png",
        "/assets/img/illustrations/chat.png",
        "/assets/img/illustrations/danger-chat-ill.png",
        "/assets/img/illustrations/dark-lock-ill.png",
        "/assets/img/illustrations/error-404.png",
        "/assets/img/illustrations/error-500.png",
        "/assets/img/illustrations/illustration-lock.jpg",
        "/assets/img/illustrations/illustration-reset.jpg",
        "/assets/img/illustrations/illustration-signin.jpg",
        "/assets/img/illustrations/illustration-signup.jpg",
        "/assets/img/illustrations/illustration-verification.jpg",
        "/assets/img/illustrations/lock.png",
        "/assets/img/illustrations/pattern-tree.svg",
        "/assets/img/illustrations/rocket-white.png",
        "/assets/img/ivana-square.jpg",
        "/assets/img/ivana-squares.jpg",
        "/assets/img/ivancik.jpg",
        "/assets/img/kal-visuals-square.jpg",
        "/assets/img/logo-ct-dark.png",
        "/assets/img/logo-ct.png",
        "/assets/img/logos/gray-logos/logo-coinbase.svg",
        "/assets/img/logos/gray-logos/logo-nasa.svg",
        "/assets/img/logos/gray-logos/logo-netflix.svg",
        "/assets/img/logos/gray-logos/logo-pinterest.svg",
        "/assets/img/logos/gray-logos/logo-spotify.svg",
        "/assets/img/logos/gray-logos/logo-vodafone.svg",
        "/assets/img/logos/mastercard.png",
        "/assets/img/logos/visa.png",
        "/assets/img/marie.jpg",
        "/assets/img/meeting.jpg",
        "/assets/img/office-dark.jpg",
        "/assets/img/product-12.jpg",
        "/assets/img/products/product-1-min.jpg",
        "/assets/img/products/product-11.jpg",
        "/assets/img/products/product-2-min.jpg",
        "/assets/img/products/product-3-min.jpg",
        "/assets/img/products/product-4-min.jpg",
        "/assets/img/products/product-5-min.jpg",
        "/assets/img/products/product-6-min.jpg",
        "/assets/img/products/product-7-min.jpg",
        "/assets/img/products/product-details-1.jpg",
        "/assets/img/products/product-details-2.jpg",
        "/assets/img/products/product-details-3.jpg",
        "/assets/img/products/product-details-4.jpg",
        "/assets/img/products/product-details-5.jpg",
        "/assets/img/shapes/pattern-lines.svg",
        "/assets/img/shapes/waves-white.svg",
        "/assets/img/small-logos/bootstrap.svg",
        "/assets/img/small-logos/creative-tim.svg",
        "/assets/img/small-logos/devto.svg",
        "/assets/img/small-logos/github.svg",
        "/assets/img/small-logos/google-webdev.svg",
        "/assets/img/small-logos/icon-bulb.svg",
        "/assets/img/small-logos/icon-sun-cloud.png",
        "/assets/img/small-logos/logo-asana.svg",
        "/assets/img/small-logos/logo-atlassian.svg",
        "/assets/img/small-logos/logo-invision.svg",
        "/assets/img/small-logos/logo-jira.svg",
        "/assets/img/small-logos/logo-slack.svg",
        "/assets/img/small-logos/logo-spotify.svg",
        "/assets/img/small-logos/logo-xd.svg",
        "/assets/img/team-1.jpg",
        "/assets/img/team-2.jpg",
        "/assets/img/team-3.jpg",
        "/assets/img/team-4.jpg",
        "/assets/img/team-5.jpg",
        "/assets/img/tesla-model-s.png",
        "/assets/img/vr-bg.jpg",
        "/assets/js/Chart.extension.js",
        "/assets/js/bootstrap-notify.js",
        "/assets/js/chartjs.min.js",
        "/assets/js/core/bootstrap.bundle.min.js",
        "/assets/js/core/bootstrap.min.js",
        "/assets/js/core/popper.min.js",
        "/assets/js/countup.min.js",
        "/assets/js/material-dashboard.js",
        "/assets/js/material-dashboard.js.map",
        "/assets/js/material-dashboard.min.js",
        "/assets/js/perfect-scrollbar.min.js",
        "/assets/js/plugins/Chart.extension.js",
        "/assets/js/plugins/bootstrap-notify.js",
        "/assets/js/plugins/chartjs.min.js",
        "/assets/js/plugins/countup.min.js",
        "/assets/js/plugins/perfect-scrollbar.min.js",
        "/assets/js/plugins/smooth-scrollbar.min.js",
        "/assets/js/plugins/world.js",
        "/assets/js/smooth-scrollbar.min.js",
        "/assets/js/world.js",
        "/assets/plugins/Chart.extension.js",
        "/assets/plugins/bootstrap-notify.js",
        "/assets/plugins/chartjs.min.js",
        "/assets/plugins/countup.min.js",
        "/assets/plugins/perfect-scrollbar.min.js",
        "/assets/plugins/smooth-scrollbar.min.js",
        "/assets/plugins/world.js",
        "/assets/scss/material-dashboard.scss",
        "/assets/scss/material-dashboard/_alert.scss",
        "/assets/scss/material-dashboard/_avatars.scss",
        "/assets/scss/material-dashboard/_badge.scss",
        "/assets/scss/material-dashboard/_breadcrumbs.scss",
        "/assets/scss/material-dashboard/_buttons.scss",
        "/assets/scss/material-dashboard/_cards.scss",
        "/assets/scss/material-dashboard/_dark-version.scss",
        "/assets/scss/material-dashboard/_dropdown.scss",
        "/assets/scss/material-dashboard/_dropup.scss",
        "/assets/scss/material-dashboard/_fixed-plugin.scss",
        "/assets/scss/material-dashboard/_footer.scss",
        "/assets/scss/material-dashboard/_forms.scss",
        "/assets/scss/material-dashboard/_gradients.scss",
        "/assets/scss/material-dashboard/_header.scss",
        "/assets/scss/material-dashboard/_icons.scss",
        "/assets/scss/material-dashboard/_info-areas.scss",
        "/assets/scss/material-dashboard/_misc.scss",
        "/assets/scss/material-dashboard/_nav.scss",
        "/assets/scss/material-dashboard/_navbar-vertical.scss",
        "/assets/scss/material-dashboard/_navbar.scss",
        "/assets/scss/material-dashboard/_pagination.scss",
        "/assets/scss/material-dashboard/_popovers.scss",
        "/assets/scss/material-dashboard/_progress.scss",
        "/assets/scss/material-dashboard/_ripple.scss",
        "/assets/scss/material-dashboard/_rtl.scss",
        "/assets/scss/material-dashboard/_social-buttons.scss",
        "/assets/scss/material-dashboard/_tables.scss",
        "/assets/scss/material-dashboard/_tilt.scss",
        "/assets/scss/material-dashboard/_timeline.scss",
        "/assets/scss/material-dashboard/_tooltips.scss",
        "/assets/scss/material-dashboard/_typography.scss",
        "/assets/scss/material-dashboard/_utilities-extend.scss",
        "/assets/scss/material-dashboard/_utilities.scss",
        "/assets/scss/material-dashboard/_variables.scss",
        "/assets/scss/material-dashboard/bootstrap/_accordion.scss",
        "/assets/scss/material-dashboard/bootstrap/_alert.scss",
        "/assets/scss/material-dashboard/bootstrap/_badge.scss",
        "/assets/scss/material-dashboard/bootstrap/_breadcrumb.scss",
        "/assets/scss/material-dashboard/bootstrap/_button-group.scss",
        "/assets/scss/material-dashboard/bootstrap/_buttons.scss",
        "/assets/scss/material-dashboard/bootstrap/_card.scss",
        "/assets/scss/material-dashboard/bootstrap/_carousel.scss",
        "/assets/scss/material-dashboard/bootstrap/_close.scss",
        "/assets/scss/material-dashboard/bootstrap/_containers.scss",
        "/assets/scss/material-dashboard/bootstrap/_dropdown.scss",
        "/assets/scss/material-dashboard/bootstrap/_forms.scss",
        "/assets/scss/material-dashboard/bootstrap/_functions.scss",
        "/assets/scss/material-dashboard/bootstrap/_grid.scss",
        "/assets/scss/material-dashboard/bootstrap/_helpers.scss",
        "/assets/scss/material-dashboard/bootstrap/_images.scss",
        "/assets/scss/material-dashboard/bootstrap/_list-group.scss",
        "/assets/scss/material-dashboard/bootstrap/_maps.scss",
        "/assets/scss/material-dashboard/bootstrap/_mixins.scss",
        "/assets/scss/material-dashboard/bootstrap/_modal.scss",
        "/assets/scss/material-dashboard/bootstrap/_nav.scss",
        "/assets/scss/material-dashboard/bootstrap/_navbar.scss",
        "/assets/scss/material-dashboard/bootstrap/_offcanvas.scss",
        "/assets/scss/material-dashboard/bootstrap/_pagination.scss",
        "/assets/scss/material-dashboard/bootstrap/_placeholders.scss",
        "/assets/scss/material-dashboard/bootstrap/_popover.scss",
        "/assets/scss/material-dashboard/bootstrap/_progress.scss",
        "/assets/scss/material-dashboard/bootstrap/_reboot.scss",
        "/assets/scss/material-dashboard/bootstrap/_root.scss",
        "/assets/scss/material-dashboard/bootstrap/_spinners.scss",
        "/assets/scss/material-dashboard/bootstrap/_tables.scss",
        "/assets/scss/material-dashboard/bootstrap/_toasts.scss",
        "/assets/scss/material-dashboard/bootstrap/_tooltip.scss",
        "/assets/scss/material-dashboard/bootstrap/_transitions.scss",
        "/assets/scss/material-dashboard/bootstrap/_type.scss",
        "/assets/scss/material-dashboard/bootstrap/_utilities.scss",
        "/assets/scss/material-dashboard/bootstrap/_variables.scss",
        "/assets/scss/material-dashboard/bootstrap/bootstrap-grid.scss",
        "/assets/scss/material-dashboard/bootstrap/bootstrap-reboot.scss",
        "/assets/scss/material-dashboard/bootstrap/bootstrap-utilities.scss",
        "/assets/scss/material-dashboard/bootstrap/bootstrap.scss",
        "/assets/scss/material-dashboard/bootstrap/forms/_floating-labels.scss",
        "/assets/scss/material-dashboard/bootstrap/forms/_form-check.scss",
        "/assets/scss/material-dashboard/bootstrap/forms/_form-control.scss",
        "/assets/scss/material-dashboard/bootstrap/forms/_form-range.scss",
        "/assets/scss/material-dashboard/bootstrap/forms/_form-select.scss",
        "/assets/scss/material-dashboard/bootstrap/forms/_form-text.scss",
        "/assets/scss/material-dashboard/bootstrap/forms/_input-group.scss",
        "/assets/scss/material-dashboard/bootstrap/forms/_labels.scss",
        "/assets/scss/material-dashboard/bootstrap/forms/_validation.scss",
        "/assets/scss/material-dashboard/bootstrap/helpers/_clearfix.scss",
        "/assets/scss/material-dashboard/bootstrap/helpers/_color-bg.scss",
        "/assets/scss/material-dashboard/bootstrap/helpers/_colored-links.scss",
        "/assets/scss/material-dashboard/bootstrap/helpers/_position.scss",
        "/assets/scss/material-dashboard/bootstrap/helpers/_ratio.scss",
        "/assets/scss/material-dashboard/bootstrap/helpers/_stacks.scss",
        "/assets/scss/material-dashboard/bootstrap/helpers/_stretched-link.scss",
        "/assets/scss/material-dashboard/bootstrap/helpers/_text-truncation.scss",
        "/assets/scss/material-dashboard/bootstrap/helpers/_visually-hidden.scss",
        "/assets/scss/material-dashboard/bootstrap/helpers/_vr.scss",
        "/assets/scss/material-dashboard/bootstrap/mixins/_alert.scss",
        "/assets/scss/material-dashboard/bootstrap/mixins/_backdrop.scss",
        "/assets/scss/material-dashboard/bootstrap/mixins/_banner.scss",
        "/assets/scss/material-dashboard/bootstrap/mixins/_border-radius.scss",
        "/assets/scss/material-dashboard/bootstrap/mixins/_box-shadow.scss",
        "/assets/scss/material-dashboard/bootstrap/mixins/_breakpoints.scss",
        "/assets/scss/material-dashboard/bootstrap/mixins/_buttons.scss",
        "/assets/scss/material-dashboard/bootstrap/mixins/_caret.scss",
        "/assets/scss/material-dashboard/bootstrap/mixins/_clearfix.scss",
        "/assets/scss/material-dashboard/bootstrap/mixins/_color-scheme.scss",
        "/assets/scss/material-dashboard/bootstrap/mixins/_container.scss",
        "/assets/scss/material-dashboard/bootstrap/mixins/_deprecate.scss",
        "/assets/scss/material-dashboard/bootstrap/mixins/_forms.scss",
        "/assets/scss/material-dashboard/bootstrap/mixins/_gradients.scss",
        "/assets/scss/material-dashboard/bootstrap/mixins/_grid.scss",
        "/assets/scss/material-dashboard/bootstrap/mixins/_image.scss",
        "/assets/scss/material-dashboard/bootstrap/mixins/_list-group.scss",
        "/assets/scss/material-dashboard/bootstrap/mixins/_lists.scss",
        "/assets/scss/material-dashboard/bootstrap/mixins/_pagination.scss",
        "/assets/scss/material-dashboard/bootstrap/mixins/_reset-text.scss",
        "/assets/scss/material-dashboard/bootstrap/mixins/_resize.scss",
        "/assets/scss/material-dashboard/bootstrap/mixins/_table-variants.scss",
        "/assets/scss/material-dashboard/bootstrap/mixins/_text-truncate.scss",
        "/assets/scss/material-dashboard/bootstrap/mixins/_transition.scss",
        "/assets/scss/material-dashboard/bootstrap/mixins/_utilities.scss",
        "/assets/scss/material-dashboard/bootstrap/mixins/_visually-hidden.scss",
        "/assets/scss/material-dashboard/bootstrap/utilities/_api.scss",
        "/assets/scss/material-dashboard/bootstrap/vendor/_rfs.scss",
        "/assets/scss/material-dashboard/cards/card-background.scss",
        "/assets/scss/material-dashboard/cards/card-rotate.scss",
        "/assets/scss/material-dashboard/custom/_styles.scss",
        "/assets/scss/material-dashboard/custom/_variables.scss",
        "/assets/scss/material-dashboard/forms/_form-check.scss",
        "/assets/scss/material-dashboard/forms/_form-select.scss",
        "/assets/scss/material-dashboard/forms/_form-switch.scss",
        "/assets/scss/material-dashboard/forms/_forms.scss",
        "/assets/scss/material-dashboard/forms/_input-group.scss",
        "/assets/scss/material-dashboard/forms/_inputs.scss",
        "/assets/scss/material-dashboard/forms/_labels.scss",
        "/assets/scss/material-dashboard/mixins/_badge.scss",
        "/assets/scss/material-dashboard/mixins/_buttons.scss",
        "/assets/scss/material-dashboard/mixins/_colored-shadows.scss",
        "/assets/scss/material-dashboard/mixins/_hover.scss",
        "/assets/scss/material-dashboard/mixins/_social-buttons.scss",
        "/assets/scss/material-dashboard/mixins/_vendor.scss",
        "/assets/scss/material-dashboard/mixins/mixins.scss",
        "/assets/scss/material-dashboard/plugins/free/_flatpickr.scss",
        "/assets/scss/material-dashboard/plugins/free/_nouislider.scss",
        "/assets/scss/material-dashboard/plugins/free/_perfect-scrollbar.scss",
        "/assets/scss/material-dashboard/plugins/free/_prism.scss",
        "/assets/scss/material-dashboard/plugins/free/plugins.scss",
        "/assets/scss/material-dashboard/theme.scss",
        "/assets/scss/material-dashboard/variables/_animations.scss",
        "/assets/scss/material-dashboard/variables/_avatars.scss",
        "/assets/scss/material-dashboard/variables/_badge.scss",
        "/assets/scss/material-dashboard/variables/_breadcrumb.scss",
        "/assets/scss/material-dashboard/variables/_cards-extend.scss",
        "/assets/scss/material-dashboard/variables/_cards.scss",
        "/assets/scss/material-dashboard/variables/_choices.scss",
        "/assets/scss/material-dashboard/variables/_dark-version.scss",
        "/assets/scss/material-dashboard/variables/_dropdowns.scss",
        "/assets/scss/material-dashboard/variables/_fixed-plugin.scss",
        "/assets/scss/material-dashboard/variables/_form-switch.scss",
        "/assets/scss/material-dashboard/variables/_full-calendar.scss",
        "/assets/scss/material-dashboard/variables/_header.scss",
        "/assets/scss/material-dashboard/variables/_info-areas.scss",
        "/assets/scss/material-dashboard/variables/_misc-extend.scss",
        "/assets/scss/material-dashboard/variables/_misc.scss",
        "/assets/scss/material-dashboard/variables/_navbar-vertical.scss",
        "/assets/scss/material-dashboard/variables/_navbar.scss",
        "/assets/scss/material-dashboard/variables/_pagination.scss",
        "/assets/scss/material-dashboard/variables/_ripple.scss",
        "/assets/scss/material-dashboard/variables/_rtl.scss",
        "/assets/scss/material-dashboard/variables/_social-buttons.scss",
        "/assets/scss/material-dashboard/variables/_table.scss",
        "/assets/scss/material-dashboard/variables/_timeline.scss",
        "/assets/scss/material-dashboard/variables/_utilities-extend.scss",
        "/assets/scss/material-dashboard/variables/_utilities.scss",
        "/assets/scss/material-dashboard/variables/_virtual-reality.scss",
        "/media/dxicons-COHMSREU.woff",
        "/media/dxicons-YDVXLDGA.ttf",
        "/media/dxicons-ZYFW2P72.woff2"
      ],
      "patterns": []
    }
  ],
  "dataGroups": [
    {
      "name": "api-calls",
      "patterns": [
        "\\/api\\/.*"
      ],
      "strategy": "freshness",
      "maxSize": 100,
      "maxAge": 3600000,
      "timeoutMs": 5000,
      "cacheQueryOptions": {
        "ignoreVary": true
      },
      "version": 1
    }
  ],
  "hashTable": {
    "/assets/Data.json": "4d0e38ae7c8856cb24db5484e90d9a4f03e91a81",
    "/assets/Images/MyQR.jpg": "bc9e7e8f4037a089ca26080f595665594e7d8ea3",
    "/assets/Images/MyQR.png": "6ae2e87ca7c31a92c6d55724f2ed1175267a4eb2",
    "/assets/Images/about-img.jpg": "730092eda0e30ce395f9112fc863606c471aea99",
    "/assets/Images/about-img.png": "858e7b1db44f95e4b984ce50845ee7d3809e6858",
    "/assets/Images/backImg.jpg": "2c7a0e14dc7b90750ed9152014f37ae40e55e6a7",
    "/assets/Images/client1.jpg": "19d3345b3da14e583f1613e66dffd062af3c0ce0",
    "/assets/Images/client2.jpg": "7de7808792b761dfa3b63866777abefad7dd7235",
    "/assets/Images/favicon.png": "3a8b28b1d263c50caa26d42b98122ee2bf1817e7",
    "/assets/Images/frontImg.jpg": "7d857317c082a243f646c5ced64ff55330db66be",
    "/assets/Images/hero-bg.png": "2423302c229b11b93cc78307ed82890075df729b",
    "/assets/Images/next.png": "e9d10a8fecc5cfed26d597aa47daaaf675335490",
    "/assets/Images/prev.png": "a379540dab5f61f9eefe31a32750dac2bba9cf53",
    "/assets/Images/s1.png": "1c61f8c36278295d3c6903775f7637e7c1c8a394",
    "/assets/Images/s2.png": "d2a283cd4cda654559a717134523b6736b9c2898",
    "/assets/Images/s3.png": "cae68d0c8922ca85f53abc5833a22ecf4c839cc0",
    "/assets/Images/slider-bg.jpg": "cbf24ad0a0c43e5a3e4fa100a90cc3726f522196",
    "/assets/Images/slider-img.png": "7868d8387094113ab4d2879fc323edccecc64f66",
    "/assets/Images/team-1.jpg": "f0d0a8f5293aad334bcfe208bff5cdb91144862a",
    "/assets/Images/team-2.jpg": "7694c42b4205db34406902b7dbeb5fdba836032c",
    "/assets/Images/team-3.jpg": "63cd1d2e2f0a77ccd2de343eb8dad6753c0aa21e",
    "/assets/Images/team-4.jpg": "f1eeeb5e12f1c801d39d51c28246974dfa88ebb3",
    "/assets/Images/track-bg.jpg": "328f0f07ecd74ae72961b6cb38bd883add304a1a",
    "/assets/Images/w1.png": "7c4d93e7eb7116a695b1bde1c246091ebcfd5da8",
    "/assets/Images/w2.png": "cf11ad2a4073c40bd5bb7fb9d363b3595831504a",
    "/assets/Images/w3.png": "b43a3c4305de138cb3ada04886fe6e78ec8834e1",
    "/assets/Images/w4.png": "357470e863c9337da3c98d8d4c71c429940ead4f",
    "/assets/css/material-dashboard.css": "5ef4f84a504e6a363c0f8816cb43aa6ec8082021",
    "/assets/css/material-dashboard.css.map": "87542181ea6fbe001c8ed268e801101f9ace217d",
    "/assets/css/material-dashboard.min.css": "54bd94882d05a8b85c3a8720fb6d258d12be56e6",
    "/assets/css/nucleo-icons.css": "b8d407bf8cdf4f2935ff9894696bdaacde03b97d",
    "/assets/css/nucleo-svg.css": "988dfa01ad847b61203641f950e6742f53fcdfde",
    "/assets/fonts/nucleo-icons.eot": "b2dee001981e635c2a6709f97f707b7f799703c5",
    "/assets/fonts/nucleo-icons.svg": "41e392ec936c9b704c57d6d7a83147aee779893a",
    "/assets/fonts/nucleo-icons.ttf": "e251b6b0211dadf880db8a281c7e0f86b148892a",
    "/assets/fonts/nucleo-icons.woff": "31ecd290a72557cc64f9ab28ee5d7d0a417a36bc",
    "/assets/fonts/nucleo-icons.woff2": "64baa3293e90631d5257d6056b089ba11510d0f4",
    "/assets/fonts/nucleo.eot": "261c138e7cea52ef6cabd8c381e62281a1b095ae",
    "/assets/fonts/nucleo.ttf": "b736fce9084ad598fbed20cd5d7cbdd862979d3d",
    "/assets/fonts/nucleo.woff": "f1569c44bea1e2aa4c37a48d41369466ba1bf649",
    "/assets/fonts/nucleo.woff2": "afbba3b07530d36dd770eb7642a5dcb4a956cbc6",
    "/assets/icons/icon-128x128.png": "f912963bdc6d5a38d8f1dd0afbaab2ce8d657acb",
    "/assets/icons/icon-144x144.png": "b155fd5f2fd5d2ea7760721063003c4cd95fd783",
    "/assets/icons/icon-152x152.png": "eae6e0f0c8afb8aaae339e2a569b43e9238e5e6c",
    "/assets/icons/icon-192x192.png": "15c4180454633880d98674aa7394656196c91584",
    "/assets/icons/icon-384x384.png": "94a915751ef6c9282df9aea405ad679230631814",
    "/assets/icons/icon-512x512.png": "1de182f76f7329dfa8f9fcdd1fdcdd695bea6a99",
    "/assets/icons/icon-72x72.png": "aa88a6096bd973be7f6d7a5489bfa6bc2463f8c4",
    "/assets/icons/icon-96x96.png": "7fb8f59c30ce2ff12c700321a0b39e14b3dc8f95",
    "/assets/img/apple-icon.png": "c96f23fbaee0f101103cd8193024fa879ebab41a",
    "/assets/img/bg-pricing.jpg": "514e762eb54834c74778db410671a9212d759363",
    "/assets/img/bg-smart-home-1.jpg": "28dd488bd16e61057478e1517f561bb23b0d0aa3",
    "/assets/img/bg-smart-home-2.jpg": "6c9e985ee7a948ff3cbd63935be6c2e2a24d99a7",
    "/assets/img/bruce-mars.jpg": "42b51841049304ffbcc58422510c47020ebdd15e",
    "/assets/img/down-arrow-dark.svg": "0a2ff2e7b878bd0892df8c9f9c76097438d230e7",
    "/assets/img/down-arrow-white.svg": "cfa911fafe1291c1dc197d8441bddf55db46318d",
    "/assets/img/down-arrow.svg": "a5953aa59199a65131b68b1897bc0eb80fa22a21",
    "/assets/img/drake.jpg": "9be4c99bf98dbe073aeff6d3728d86fb13b710de",
    "/assets/img/favicon.png": "c96f23fbaee0f101103cd8193024fa879ebab41a",
    "/assets/img/home-decor-1.jpg": "b351c0621cdd05100df40c48b26471d8e1573aaf",
    "/assets/img/home-decor-2.jpg": "7d59855fe5de8f0571751fe4a14d83c778a7bfb7",
    "/assets/img/home-decor-3.jpg": "cc625c9d26374d5fcbbace21b0a4369e03e2ee0d",
    "/assets/img/icons/flags/AU.png": "51a54ed77ba1e4bc8d46f2c1951e24a053c9e74c",
    "/assets/img/icons/flags/BR.png": "bf74ea90e1e9e0de7c748621a90684d73221c9e5",
    "/assets/img/icons/flags/DE.png": "fda548d483054cbfa2750a0c9b344c4100f3bdf0",
    "/assets/img/icons/flags/GB.png": "b384a846934c884410e2006780113083299cb680",
    "/assets/img/icons/flags/US.png": "584c8912f0f266f3e26c5075f54f3ca753cd804c",
    "/assets/img/illustrations/chat.png": "2d2a87337217638431ca090e84429afb6cfe9bcc",
    "/assets/img/illustrations/danger-chat-ill.png": "aecc13b1ef43058ca624b939faab6dad64c4cfa0",
    "/assets/img/illustrations/dark-lock-ill.png": "66e0babe9d4ebe3137f8b72b287bfb50c8e3fc2b",
    "/assets/img/illustrations/error-404.png": "b5b90ec289d6b6a3faaa50f575007da2e032ef67",
    "/assets/img/illustrations/error-500.png": "03e5005807d40f592d4582f069308f401af7a12d",
    "/assets/img/illustrations/illustration-lock.jpg": "fe4f120b6fa1e7e6688ef467915c0e61f251dc58",
    "/assets/img/illustrations/illustration-reset.jpg": "28c05c893b85c3000ed1758e698e1ef640ad8a8c",
    "/assets/img/illustrations/illustration-signin.jpg": "faf5b193426ac0de3a979a0881bb40494b073502",
    "/assets/img/illustrations/illustration-signup.jpg": "83cef835743f8ca2723edcfb2bad25dee398dbff",
    "/assets/img/illustrations/illustration-verification.jpg": "87a3928f220757c38989daf9fad522acd23ff8b3",
    "/assets/img/illustrations/lock.png": "d55fed4e6a9b9db811bc36dd6a1826c98c0a696a",
    "/assets/img/illustrations/pattern-tree.svg": "a375fc29c39c8b64517e38046935253184510015",
    "/assets/img/illustrations/rocket-white.png": "82a83ef12de14eff780d664b1cef3d1b1370a6c3",
    "/assets/img/ivana-square.jpg": "6dc503874de6b9e3e7f4dc0c5977f6424e7f8364",
    "/assets/img/ivana-squares.jpg": "66347cd5329a2cf9453ed1f2c69a23849597c3bd",
    "/assets/img/ivancik.jpg": "4e0f76111fc2d6bcdcacbcc3e039921092553d47",
    "/assets/img/kal-visuals-square.jpg": "cadd40dad98e146ec547b9362171025f48e8fbba",
    "/assets/img/logo-ct-dark.png": "be939adf28d6940de2c1fc517fbcb042d6fc283f",
    "/assets/img/logo-ct.png": "fc4ecf109d148c66a7862e7c542c7b837c0497cd",
    "/assets/img/logos/gray-logos/logo-coinbase.svg": "d46b2d8ce23e6dcaad1ff0005bdeb7c57bbbf1cf",
    "/assets/img/logos/gray-logos/logo-nasa.svg": "d519917f491274db42983e5ba4f0bf3923832653",
    "/assets/img/logos/gray-logos/logo-netflix.svg": "3b9d6bdc23e945bf103fb8c5d24bcb055b3927f1",
    "/assets/img/logos/gray-logos/logo-pinterest.svg": "192507fad18b788e08cc91b3c48cfbac120e8e00",
    "/assets/img/logos/gray-logos/logo-spotify.svg": "e46cf9be048dd3f6929cf21bb3e5a4517369f678",
    "/assets/img/logos/gray-logos/logo-vodafone.svg": "1ea6bbd88b186c7031de2bcb47b45abe002198e0",
    "/assets/img/logos/mastercard.png": "b6717799ee67a3e39e5dbb1d9d091e36cbcfb802",
    "/assets/img/logos/visa.png": "63b8752f88d438b9c90bf23c06e63806e267e738",
    "/assets/img/marie.jpg": "1c078ec02923db69a6cc0caa74abd19a79747251",
    "/assets/img/meeting.jpg": "85dd7f9d8b374d356779f7b70aa526a864198da9",
    "/assets/img/office-dark.jpg": "4af3f6164d8d399a3fdd1e0c6c140fefe54628af",
    "/assets/img/product-12.jpg": "2181ca040c2b3be5f2252ba6f3ed8e672730f9ee",
    "/assets/img/products/product-1-min.jpg": "3f89f2918ff7dac68f723734e96b2d7f788c1a82",
    "/assets/img/products/product-11.jpg": "0a2017542afac977ef637040d934f7cc3bfe6798",
    "/assets/img/products/product-2-min.jpg": "d4dcfd75b85a416fbc90372eed373fb36a0e173d",
    "/assets/img/products/product-3-min.jpg": "be10dbece18e31672989b1547ec13e0fe75c87ff",
    "/assets/img/products/product-4-min.jpg": "8158fbbbca7af9c3c864053b9bf5a100aab77c29",
    "/assets/img/products/product-5-min.jpg": "b438d8f5f499c9e14276fe24ced2082089cad026",
    "/assets/img/products/product-6-min.jpg": "6c88f02a70e8cbb6180d3043fb006821348d664d",
    "/assets/img/products/product-7-min.jpg": "12dbb30660a22553902e6126a656d808c96a48ae",
    "/assets/img/products/product-details-1.jpg": "99ecf1b8a42c10a86bb222030410b41ce2b1ea30",
    "/assets/img/products/product-details-2.jpg": "23fbbc81c12832b2943e22a3b756cb0fe21b42b6",
    "/assets/img/products/product-details-3.jpg": "8cf9df9673e4e6ce49e672c213446a8ee527c85b",
    "/assets/img/products/product-details-4.jpg": "11cd6c17357753b62316a6bb32e3645304b8e564",
    "/assets/img/products/product-details-5.jpg": "a283a9ceb777d178545baad187e5e888ae5ad4f7",
    "/assets/img/shapes/pattern-lines.svg": "a66608828f10eebf604a47ec43f6523a381a2af4",
    "/assets/img/shapes/waves-white.svg": "2b1d478345b2fdff1e8104d719f34a2dab9cc5f1",
    "/assets/img/small-logos/bootstrap.svg": "bfc2c4496fd78c3cbec61f330011aa2151bc4c98",
    "/assets/img/small-logos/creative-tim.svg": "c7e2e58fff8aabd0a44eab8d2439164d2d173c45",
    "/assets/img/small-logos/devto.svg": "a62743016c0f5b3869376bed22693e2ae5e0057f",
    "/assets/img/small-logos/github.svg": "f7bbacb99fcdda5fc7189b2b32ffa75c04a82682",
    "/assets/img/small-logos/google-webdev.svg": "85f019e4bdda24ba5d4cb52f156b08cd0ec85612",
    "/assets/img/small-logos/icon-bulb.svg": "f942137f9f1afe6a66a952acd23251508339ef66",
    "/assets/img/small-logos/icon-sun-cloud.png": "1f9d040357fd1da38e154beba50251dd960dd56c",
    "/assets/img/small-logos/logo-asana.svg": "3a45d60af61cb49d9d8af570ccec4e94b1cf542c",
    "/assets/img/small-logos/logo-atlassian.svg": "992f7bd576c4883b34a6c84b0877d0790eb49254",
    "/assets/img/small-logos/logo-invision.svg": "3948d61dd6b0db1bf126dc50410228495ad2ad62",
    "/assets/img/small-logos/logo-jira.svg": "e1ce871d07388be7d4d902d108532f28df04f83c",
    "/assets/img/small-logos/logo-slack.svg": "5360868c68079b9ca6ab7f6e16baa64a692bfa84",
    "/assets/img/small-logos/logo-spotify.svg": "faac64abfcd09be8293aa92ad2b1f7d710fd8291",
    "/assets/img/small-logos/logo-xd.svg": "931d8939f2f1409233279d9a4caeac211d0c6cea",
    "/assets/img/team-1.jpg": "a124b673bd66a8971ab3b73f68292111d56b90fc",
    "/assets/img/team-2.jpg": "273f41e55c721abbb589bce1e664ad5fa9771a6e",
    "/assets/img/team-3.jpg": "2ec21042733fe4d2967e028e237d23e646fe999a",
    "/assets/img/team-4.jpg": "2439ed0b28abf0095c98e9fdf426021bc7aa00f6",
    "/assets/img/team-5.jpg": "07d5339e402737baf4daa9588b3b5ac7220cba7c",
    "/assets/img/tesla-model-s.png": "266501bf1d79bcb9a57df72aeb36f9317e4e6464",
    "/assets/img/vr-bg.jpg": "1f64d5f9f78ac718f08ce4ac57207a6302ea81c7",
    "/assets/js/Chart.extension.js": "192fb2b47ecc7af5cf672a6313b0148fd886e811",
    "/assets/js/bootstrap-notify.js": "b256d1638f01d1f96f6c423a8801509bdb140b7a",
    "/assets/js/chartjs.min.js": "5b4c898fb799c41ebf3a55ce7cd341454a6724e0",
    "/assets/js/core/bootstrap.bundle.min.js": "55fd8225c597af95f5382aee31b414cdc389218d",
    "/assets/js/core/bootstrap.min.js": "5cdc371efb8660ffcb43c6c16f8a9165d33b126f",
    "/assets/js/core/popper.min.js": "dec6c81961c8f0e9333bbb461f5f09a407d54b88",
    "/assets/js/countup.min.js": "470bd5dabaaf2844d0798e241350c95772d10e23",
    "/assets/js/material-dashboard.js": "f21701e034d0ad0bf64e368e017b50be50e6438f",
    "/assets/js/material-dashboard.js.map": "26804dfee85c14d3f38c0690c27cfafc940f7c20",
    "/assets/js/material-dashboard.min.js": "dbe4c9a0a4ac5d9e024398d5102f364808c58def",
    "/assets/js/perfect-scrollbar.min.js": "d2c413ebe4635d68d9df80a646e0c60ba6af226e",
    "/assets/js/plugins/Chart.extension.js": "192fb2b47ecc7af5cf672a6313b0148fd886e811",
    "/assets/js/plugins/bootstrap-notify.js": "b256d1638f01d1f96f6c423a8801509bdb140b7a",
    "/assets/js/plugins/chartjs.min.js": "5b4c898fb799c41ebf3a55ce7cd341454a6724e0",
    "/assets/js/plugins/countup.min.js": "470bd5dabaaf2844d0798e241350c95772d10e23",
    "/assets/js/plugins/perfect-scrollbar.min.js": "d2c413ebe4635d68d9df80a646e0c60ba6af226e",
    "/assets/js/plugins/smooth-scrollbar.min.js": "b9710bc5587d3dcf16e4adb9e62199dc2a7b581a",
    "/assets/js/plugins/world.js": "ebd02af7db6f0fa0b32fbb0357c4898f13e8511b",
    "/assets/js/smooth-scrollbar.min.js": "b9710bc5587d3dcf16e4adb9e62199dc2a7b581a",
    "/assets/js/world.js": "ebd02af7db6f0fa0b32fbb0357c4898f13e8511b",
    "/assets/plugins/Chart.extension.js": "192fb2b47ecc7af5cf672a6313b0148fd886e811",
    "/assets/plugins/bootstrap-notify.js": "b256d1638f01d1f96f6c423a8801509bdb140b7a",
    "/assets/plugins/chartjs.min.js": "5b4c898fb799c41ebf3a55ce7cd341454a6724e0",
    "/assets/plugins/countup.min.js": "470bd5dabaaf2844d0798e241350c95772d10e23",
    "/assets/plugins/perfect-scrollbar.min.js": "d2c413ebe4635d68d9df80a646e0c60ba6af226e",
    "/assets/plugins/smooth-scrollbar.min.js": "b9710bc5587d3dcf16e4adb9e62199dc2a7b581a",
    "/assets/plugins/world.js": "ebd02af7db6f0fa0b32fbb0357c4898f13e8511b",
    "/assets/scss/material-dashboard.scss": "232313edf370f0333f989a891c0d6f8392ebb669",
    "/assets/scss/material-dashboard/_alert.scss": "64e5365402148352b43238fc91287b3ee7e5ab91",
    "/assets/scss/material-dashboard/_avatars.scss": "7884bf1f974fde323045429d8e5555dcf5191974",
    "/assets/scss/material-dashboard/_badge.scss": "dc884d1fe9afd113676d32178d67d69495dd31e9",
    "/assets/scss/material-dashboard/_breadcrumbs.scss": "b81521c226e54f0d65eccda7266f34714e8f7da4",
    "/assets/scss/material-dashboard/_buttons.scss": "8ee1772c7f8635ddcf20dacd7c3b404b83859974",
    "/assets/scss/material-dashboard/_cards.scss": "7c0f658b25fe74e4711df3462842831e17fbb71c",
    "/assets/scss/material-dashboard/_dark-version.scss": "341c60e7fb7299755bedd381a3822155cbcee3ed",
    "/assets/scss/material-dashboard/_dropdown.scss": "5924697e3abfaa94456c18c0b352ca622b53a3a8",
    "/assets/scss/material-dashboard/_dropup.scss": "da16522e73f2686a0949e78daebbd2d7c04bb250",
    "/assets/scss/material-dashboard/_fixed-plugin.scss": "8b28f9178940179ac9e02889f3bbee648dae92d3",
    "/assets/scss/material-dashboard/_footer.scss": "f88ef4f509928a7fe7562839adb10c903e4784c4",
    "/assets/scss/material-dashboard/_forms.scss": "9ee97180e24ae74d6e90fc42b16c140a47ebfcc4",
    "/assets/scss/material-dashboard/_gradients.scss": "4b91017449835fb2d6d44101b6a3ad1d8046531f",
    "/assets/scss/material-dashboard/_header.scss": "1008f7753f9e09cf44dc2e3bbef50810d8e20270",
    "/assets/scss/material-dashboard/_icons.scss": "d41f39f9ddfa882854065c80fddbcfca78fa3716",
    "/assets/scss/material-dashboard/_info-areas.scss": "f8e09a20bcc730a941c70c691422c2169ca1d737",
    "/assets/scss/material-dashboard/_misc.scss": "2931c8faa41e57bac0f5ee1e3df993794ce87f37",
    "/assets/scss/material-dashboard/_nav.scss": "afccbaf015f8c6fd2709d6d73085e6cf49217237",
    "/assets/scss/material-dashboard/_navbar-vertical.scss": "db09f16554ee9013b82865e1462a697da7bc306d",
    "/assets/scss/material-dashboard/_navbar.scss": "21598c634431cb408f3422facbccd3a7488a4bdc",
    "/assets/scss/material-dashboard/_pagination.scss": "353507c3c4482e9514714f33cea3c9b04cbf7957",
    "/assets/scss/material-dashboard/_popovers.scss": "6810a031019b87c0f2578d80fcd4356aef4aa360",
    "/assets/scss/material-dashboard/_progress.scss": "eac0d91623235e8355845d7d06df0de636db5393",
    "/assets/scss/material-dashboard/_ripple.scss": "a567aadb9bac40f4a2cc22a0754296a338300cfd",
    "/assets/scss/material-dashboard/_rtl.scss": "0a54c6472cebdc301d3f78c3d512d964d28a075d",
    "/assets/scss/material-dashboard/_social-buttons.scss": "91d2c14cfb58a7af3c14666cadd051534e34090d",
    "/assets/scss/material-dashboard/_tables.scss": "ba07905280a352598606505bd64a50223b1278e0",
    "/assets/scss/material-dashboard/_tilt.scss": "8e1b04cdde49c0585d2d2b38a2b744e8dda3cd59",
    "/assets/scss/material-dashboard/_timeline.scss": "9527a8b3ae4568fe925387e91f84336434476286",
    "/assets/scss/material-dashboard/_tooltips.scss": "24a1164b92101cbadd6bee7b0ca798fc21d3f3fc",
    "/assets/scss/material-dashboard/_typography.scss": "efb698cbaab66c16c52e1b9412bbe3a3f057348b",
    "/assets/scss/material-dashboard/_utilities-extend.scss": "e8d4f68941f03c96651744a0f7ed96511e1bd10f",
    "/assets/scss/material-dashboard/_utilities.scss": "691a258459436814beb0f320038731b2cc148fcb",
    "/assets/scss/material-dashboard/_variables.scss": "b8a903fb6ebaefdd6e2bff65628c164703fb43d2",
    "/assets/scss/material-dashboard/bootstrap/_accordion.scss": "47b97effef45acc12d097b1c5da4c4aaf90a07dd",
    "/assets/scss/material-dashboard/bootstrap/_alert.scss": "18924d18551b3781a836a0c4ba2ae7144445c2ac",
    "/assets/scss/material-dashboard/bootstrap/_badge.scss": "542d5d08744e327f351aa4d6645f820e961ebb31",
    "/assets/scss/material-dashboard/bootstrap/_breadcrumb.scss": "373a8ace409d73a6cfa2ec4c4e6f0bb59e2ecc35",
    "/assets/scss/material-dashboard/bootstrap/_button-group.scss": "3ac5536d83df5e65d8b754b2d2b947b82f8c7606",
    "/assets/scss/material-dashboard/bootstrap/_buttons.scss": "e2a08a4db35d47ccb03eee8e9e7e9343954efda9",
    "/assets/scss/material-dashboard/bootstrap/_card.scss": "8292bc844b4ccfa31766b2188b0aa05c171bf62f",
    "/assets/scss/material-dashboard/bootstrap/_carousel.scss": "cd92435a0bd249f6fdcea95a74d5871c6e0fb99f",
    "/assets/scss/material-dashboard/bootstrap/_close.scss": "575a9e67557f9329630c66fa680cf6feb90b32f4",
    "/assets/scss/material-dashboard/bootstrap/_containers.scss": "259d6358ff95a93344c78df654a4139775808e24",
    "/assets/scss/material-dashboard/bootstrap/_dropdown.scss": "a36fe59c1d08c6a21173d33a4110d04813cdfeea",
    "/assets/scss/material-dashboard/bootstrap/_forms.scss": "190c5441a055c4a22d68fdad0e4d2aaa7a336242",
    "/assets/scss/material-dashboard/bootstrap/_functions.scss": "4b4cda8d1f71e27eea873b9152a01034413c7e4a",
    "/assets/scss/material-dashboard/bootstrap/_grid.scss": "605871f49e47e7631859a5b23234791c5e4f57cc",
    "/assets/scss/material-dashboard/bootstrap/_helpers.scss": "69442c70b514d8dc445e5e19fd9e65e483e1a709",
    "/assets/scss/material-dashboard/bootstrap/_images.scss": "c68cfe8ef4254ff835fb6523d11fd56777519d79",
    "/assets/scss/material-dashboard/bootstrap/_list-group.scss": "68f48526817f31ca19804797fbdccb7c500acd1d",
    "/assets/scss/material-dashboard/bootstrap/_maps.scss": "1ababa5f72c5b3d6f149f19623f431432d4ef01d",
    "/assets/scss/material-dashboard/bootstrap/_mixins.scss": "8a528789004b6464d11ad9a1be41f61aa8aabf20",
    "/assets/scss/material-dashboard/bootstrap/_modal.scss": "28ca318d0811665fd3ae962ebd1cde0cfa8c097b",
    "/assets/scss/material-dashboard/bootstrap/_nav.scss": "2f7739a0ac232ca7d6145e3a26304388c0de5c34",
    "/assets/scss/material-dashboard/bootstrap/_navbar.scss": "7f2e4ef44f82f29fb635853ede53d7215e2bc19f",
    "/assets/scss/material-dashboard/bootstrap/_offcanvas.scss": "cc7437ac9a342ff3bb4752904b842525204152fe",
    "/assets/scss/material-dashboard/bootstrap/_pagination.scss": "2961ef812ace8172dc9973067afbb40777b46095",
    "/assets/scss/material-dashboard/bootstrap/_placeholders.scss": "731a4d9b3d2aad9e23e50b3b91f0e67438a08335",
    "/assets/scss/material-dashboard/bootstrap/_popover.scss": "eaaf1319b7127d40a099629d059e74bc85b02347",
    "/assets/scss/material-dashboard/bootstrap/_progress.scss": "67b578cd1b74f711e86790cef1838421a3588ddd",
    "/assets/scss/material-dashboard/bootstrap/_reboot.scss": "e72827ba8b852de70ec6569a5847453852b35c1d",
    "/assets/scss/material-dashboard/bootstrap/_root.scss": "fe1e7d2c8480b524eaeb8f7e3a4221afbae5b0df",
    "/assets/scss/material-dashboard/bootstrap/_spinners.scss": "7f4e0a682492955fb0e0ed021892c206a384b4b0",
    "/assets/scss/material-dashboard/bootstrap/_tables.scss": "5d13031bd28e6d476e8a4bff1304b78bc59249a2",
    "/assets/scss/material-dashboard/bootstrap/_toasts.scss": "e0f339137cf4804a69aa1111851c6f3cfe78a658",
    "/assets/scss/material-dashboard/bootstrap/_tooltip.scss": "1d759bdc6607bfcdee6a15bbe25d55360228196f",
    "/assets/scss/material-dashboard/bootstrap/_transitions.scss": "401e7f1201276326326fbf0012ca50d9cd7f1c45",
    "/assets/scss/material-dashboard/bootstrap/_type.scss": "c6799aa5bd7f096c01669c54da9fde41256ee6f8",
    "/assets/scss/material-dashboard/bootstrap/_utilities.scss": "c19c57e9969ac24356c703d79d31f04085569ad7",
    "/assets/scss/material-dashboard/bootstrap/_variables.scss": "6489178b6513ed6b2d5c83c0724840303756e21e",
    "/assets/scss/material-dashboard/bootstrap/bootstrap-grid.scss": "5ccccd6024cf7f14e38dc787dfcbd78a8e8846ac",
    "/assets/scss/material-dashboard/bootstrap/bootstrap-reboot.scss": "6fb49dd122aabbc103d363a3ca3e3b601847c7b4",
    "/assets/scss/material-dashboard/bootstrap/bootstrap-utilities.scss": "261870434333a0e4ac7baf38db6edf3ccc443269",
    "/assets/scss/material-dashboard/bootstrap/bootstrap.scss": "29e1db09ac872464c0dea9aa0db55b7fed03b65f",
    "/assets/scss/material-dashboard/bootstrap/forms/_floating-labels.scss": "fa1d324bd72b7cbad0c8aeb53aa54af0f0c467a5",
    "/assets/scss/material-dashboard/bootstrap/forms/_form-check.scss": "27bed34f9d6ce36b32b4ca88025346713a4462d3",
    "/assets/scss/material-dashboard/bootstrap/forms/_form-control.scss": "d93a57ef5bc216ae125a45a79d6f205807056f26",
    "/assets/scss/material-dashboard/bootstrap/forms/_form-range.scss": "4de1ceb8d88711395ad72138017b7aba0137ed82",
    "/assets/scss/material-dashboard/bootstrap/forms/_form-select.scss": "28b952737f8ee4a28a10cc8602aba0bd5fd1b42d",
    "/assets/scss/material-dashboard/bootstrap/forms/_form-text.scss": "df5190f5afc3231a57e6b7935204f95ac3a91747",
    "/assets/scss/material-dashboard/bootstrap/forms/_input-group.scss": "2ec851693d7401c23db006acdf58c1fc692d9e9d",
    "/assets/scss/material-dashboard/bootstrap/forms/_labels.scss": "a75b9e84fbfaf233377c31894a7a5f113c51903f",
    "/assets/scss/material-dashboard/bootstrap/forms/_validation.scss": "166e992b62dabd71168961bb8c090f6e93901886",
    "/assets/scss/material-dashboard/bootstrap/helpers/_clearfix.scss": "9b1f28c84a31eb65821b0be04347e088d30960c9",
    "/assets/scss/material-dashboard/bootstrap/helpers/_color-bg.scss": "79cb03dcd9516ad6ca33237f97cbac9c5ab9a959",
    "/assets/scss/material-dashboard/bootstrap/helpers/_colored-links.scss": "949dcb1d3c27c5468d1723c43e84bb103ae6bde9",
    "/assets/scss/material-dashboard/bootstrap/helpers/_position.scss": "381a354060d6fa087f9c82bbff70761066685997",
    "/assets/scss/material-dashboard/bootstrap/helpers/_ratio.scss": "f4028bd0b5f1a752dc5ab1474f766e23c45437f0",
    "/assets/scss/material-dashboard/bootstrap/helpers/_stacks.scss": "2d09821e875630bcaca953ed93770bbcab436f1d",
    "/assets/scss/material-dashboard/bootstrap/helpers/_stretched-link.scss": "7a9ad77e2aabd05f4588972dc02837c075b96ac9",
    "/assets/scss/material-dashboard/bootstrap/helpers/_text-truncation.scss": "a1fe35c65f3f632fe638530373b49a3dc730144f",
    "/assets/scss/material-dashboard/bootstrap/helpers/_visually-hidden.scss": "088fd1aeecadb8a7be21dfdc0a3b44e7e5693c3f",
    "/assets/scss/material-dashboard/bootstrap/helpers/_vr.scss": "6c147e6f6be7d18007b4decbc9824699b4f42e8f",
    "/assets/scss/material-dashboard/bootstrap/mixins/_alert.scss": "933d7fbc4f068b79bb0a3b4c0ace074f075b6f3e",
    "/assets/scss/material-dashboard/bootstrap/mixins/_backdrop.scss": "32150cdae940afcc208375e392a95d702a50a202",
    "/assets/scss/material-dashboard/bootstrap/mixins/_banner.scss": "1dd615368f59b3c64de6342d2dc929a3273f24fc",
    "/assets/scss/material-dashboard/bootstrap/mixins/_border-radius.scss": "32b6107af9db17e2db90970a1533584bd75d3048",
    "/assets/scss/material-dashboard/bootstrap/mixins/_box-shadow.scss": "35e7e346e4355183523f041712e3d8d0dfc5447c",
    "/assets/scss/material-dashboard/bootstrap/mixins/_breakpoints.scss": "49ff4145c8526af1072d1ce675ce37c9897a3d3c",
    "/assets/scss/material-dashboard/bootstrap/mixins/_buttons.scss": "900a2e899ee7d815f3dd95a551f7ca7772858824",
    "/assets/scss/material-dashboard/bootstrap/mixins/_caret.scss": "16fbe73d3522fa9ffbddc5a18fb2a2027e4e469e",
    "/assets/scss/material-dashboard/bootstrap/mixins/_clearfix.scss": "807609eae84fc16067404a21c11ef0761420873a",
    "/assets/scss/material-dashboard/bootstrap/mixins/_color-scheme.scss": "e0632f6e79748da1905340f03d447bd3634b8856",
    "/assets/scss/material-dashboard/bootstrap/mixins/_container.scss": "55ee9ad73e1756328a0ef76b39110e5f7524dcfd",
    "/assets/scss/material-dashboard/bootstrap/mixins/_deprecate.scss": "f25557188dbee7bd09d356d29f1145a7820f87f6",
    "/assets/scss/material-dashboard/bootstrap/mixins/_forms.scss": "e2628d9816976ae076fc036c626c2bae020c155c",
    "/assets/scss/material-dashboard/bootstrap/mixins/_gradients.scss": "92c1313886278b0a3a9f1829ddac94439ee0a290",
    "/assets/scss/material-dashboard/bootstrap/mixins/_grid.scss": "9fb76fafb315b375bd43ad8ffa7faf4cdbc7f618",
    "/assets/scss/material-dashboard/bootstrap/mixins/_image.scss": "07b68825eb30e021be5a6bed02b280258f3ebf96",
    "/assets/scss/material-dashboard/bootstrap/mixins/_list-group.scss": "4c98384f3063189a44caf71beb4cd62e48b56e64",
    "/assets/scss/material-dashboard/bootstrap/mixins/_lists.scss": "e1837ea6549a151683652982b37043c9bd4635d5",
    "/assets/scss/material-dashboard/bootstrap/mixins/_pagination.scss": "7d6d2bb3ef786da6a3d76713d8da7d0750cb9a02",
    "/assets/scss/material-dashboard/bootstrap/mixins/_reset-text.scss": "f807eb3751a8353efb0ebe8b1ca17dff770e494b",
    "/assets/scss/material-dashboard/bootstrap/mixins/_resize.scss": "fbdf69bf937aa78567c8171ab44bea24d9ee5a69",
    "/assets/scss/material-dashboard/bootstrap/mixins/_table-variants.scss": "5a02f1e47bf4565ee8f70de48acc254736e39a97",
    "/assets/scss/material-dashboard/bootstrap/mixins/_text-truncate.scss": "a6681d4ae9d7b9270495fee518732afea4a97734",
    "/assets/scss/material-dashboard/bootstrap/mixins/_transition.scss": "8d2473fed0ff8d02ddb0e985d5fe4b7f9e5373ef",
    "/assets/scss/material-dashboard/bootstrap/mixins/_utilities.scss": "7612efc8b047733e2764c3b1dda93dd44859026b",
    "/assets/scss/material-dashboard/bootstrap/mixins/_visually-hidden.scss": "916948e6c643053214186ef64fc3829c36c35123",
    "/assets/scss/material-dashboard/bootstrap/utilities/_api.scss": "911ed2c134824fc917ee5eb0ec5821c659970461",
    "/assets/scss/material-dashboard/bootstrap/vendor/_rfs.scss": "b50c63f425db44a2241b69229d5ecf09e64809bb",
    "/assets/scss/material-dashboard/cards/card-background.scss": "08dfb51e42e3f711cc457031a132929c3a792df0",
    "/assets/scss/material-dashboard/cards/card-rotate.scss": "6e1862ec1f8856eb3d8609dccf534dab3650d0e0",
    "/assets/scss/material-dashboard/custom/_styles.scss": "da39a3ee5e6b4b0d3255bfef95601890afd80709",
    "/assets/scss/material-dashboard/custom/_variables.scss": "da39a3ee5e6b4b0d3255bfef95601890afd80709",
    "/assets/scss/material-dashboard/forms/_form-check.scss": "6967ad109d1f95d60ee0f6feb9d8b71331fba3a6",
    "/assets/scss/material-dashboard/forms/_form-select.scss": "b9a856a3aa87c3f8030da63bd9a54477e250e0c1",
    "/assets/scss/material-dashboard/forms/_form-switch.scss": "7f4293b7504639fffe2d388b716e47da84ee6571",
    "/assets/scss/material-dashboard/forms/_forms.scss": "74eba28c6d61ee2a5fba706803c1973e1cacf452",
    "/assets/scss/material-dashboard/forms/_input-group.scss": "91614fd6ce0c5dd01cb9374be8dcfe544e194b66",
    "/assets/scss/material-dashboard/forms/_inputs.scss": "22f6ac76425ae5605f4944adb0e1a0112faf3418",
    "/assets/scss/material-dashboard/forms/_labels.scss": "5c40c0fc6cb0c09093212f94a57ef5ff6d225d9e",
    "/assets/scss/material-dashboard/mixins/_badge.scss": "b3baaa6ec99a468008262bb2f8355ec43e7fb970",
    "/assets/scss/material-dashboard/mixins/_buttons.scss": "cc49479cffc276c2e6a0b9578b75269554de17e6",
    "/assets/scss/material-dashboard/mixins/_colored-shadows.scss": "56e74526775e61a2be4d3e9373e74eb46cdb7f71",
    "/assets/scss/material-dashboard/mixins/_hover.scss": "e7c571c886da6ae789ff80fe95844634d8237358",
    "/assets/scss/material-dashboard/mixins/_social-buttons.scss": "e946669c42cc065f9e7b39bdc9d1d74012948fd3",
    "/assets/scss/material-dashboard/mixins/_vendor.scss": "66c1428812fbcb5cbd490e59c4c232b8138b1633",
    "/assets/scss/material-dashboard/mixins/mixins.scss": "8e5f7cefda731048429978f37eb9721ee9f1580c",
    "/assets/scss/material-dashboard/plugins/free/_flatpickr.scss": "077ea9b3635aaeccb6009855233d4e236d857112",
    "/assets/scss/material-dashboard/plugins/free/_nouislider.scss": "17577886f67216c447dbf96638c1b1b6adacc183",
    "/assets/scss/material-dashboard/plugins/free/_perfect-scrollbar.scss": "3aade064e60cb943e1eba717d2b8cb496e10ceb9",
    "/assets/scss/material-dashboard/plugins/free/_prism.scss": "b4bf2e6fd1e72693be0af12ccd873049be046f5a",
    "/assets/scss/material-dashboard/plugins/free/plugins.scss": "e16021d7ffc5e09a64f4d28470b08c6ce208a2af",
    "/assets/scss/material-dashboard/theme.scss": "cccabb9a187b162a18241c67ce6415e6b74772c0",
    "/assets/scss/material-dashboard/variables/_animations.scss": "8b1135a16f2a853d1c6b132b8e7048059366ae5c",
    "/assets/scss/material-dashboard/variables/_avatars.scss": "8a2200239f0e039ab990c423651e99e11ca80a76",
    "/assets/scss/material-dashboard/variables/_badge.scss": "e6d48b8468e34104a1f3a83c6cc26ce3169f6fed",
    "/assets/scss/material-dashboard/variables/_breadcrumb.scss": "d4c87dd2cb3febfea78c42681556d248baa1c700",
    "/assets/scss/material-dashboard/variables/_cards-extend.scss": "97c1b05a0824650c457e3a290ecd317c915a0157",
    "/assets/scss/material-dashboard/variables/_cards.scss": "f23ec7aee52aa49672e551beb3322eb70d4a5072",
    "/assets/scss/material-dashboard/variables/_choices.scss": "4c7d85634329da603eb234f8d15222f8f94c6b04",
    "/assets/scss/material-dashboard/variables/_dark-version.scss": "0324e576691afc7402f15424388712f0cf3a7203",
    "/assets/scss/material-dashboard/variables/_dropdowns.scss": "61613e93f2a216048535259182ab2c049a431159",
    "/assets/scss/material-dashboard/variables/_fixed-plugin.scss": "9ed974a5a365f9b306f68820be45976c94f8249f",
    "/assets/scss/material-dashboard/variables/_form-switch.scss": "1dc2b5678f1af9e7593e6bcbdbf281dbadd513c3",
    "/assets/scss/material-dashboard/variables/_full-calendar.scss": "6f125a3dbf6586602b9e84fba4a01b2e4b2249ae",
    "/assets/scss/material-dashboard/variables/_header.scss": "e2815d7a8e8d1562f3fa0fae34bb13c9c57b8643",
    "/assets/scss/material-dashboard/variables/_info-areas.scss": "0758b3eb0dd55917e6484491c2d8b678db895d38",
    "/assets/scss/material-dashboard/variables/_misc-extend.scss": "2a90724374e7d8786c9b3a8940b86dfc2ce90760",
    "/assets/scss/material-dashboard/variables/_misc.scss": "83ca0f831459ece008829d86f7cadee78ce333d3",
    "/assets/scss/material-dashboard/variables/_navbar-vertical.scss": "7a33f54c2409e0867cba7201dde435fa162adace",
    "/assets/scss/material-dashboard/variables/_navbar.scss": "efe5f9781fe57b99571dedfac7cb816df18c9349",
    "/assets/scss/material-dashboard/variables/_pagination.scss": "bbff0379c05fd37cde460505321cc059a33ed176",
    "/assets/scss/material-dashboard/variables/_ripple.scss": "2b140fa7f56b6bdca42aeef448eba7543c710e73",
    "/assets/scss/material-dashboard/variables/_rtl.scss": "9ec6ec7530774e4e4bd0cb0e311066a9d4de3493",
    "/assets/scss/material-dashboard/variables/_social-buttons.scss": "1d139f0852c03786241b60e9ba0950b627ed4574",
    "/assets/scss/material-dashboard/variables/_table.scss": "d8bee0272c9470a209ee4b8e2e27b7d4bc75a6df",
    "/assets/scss/material-dashboard/variables/_timeline.scss": "e563f0a16c9496b0b092a02cd02d1304898267c0",
    "/assets/scss/material-dashboard/variables/_utilities-extend.scss": "bb7344f753300da1714e3e9ab7bc65d33d6dad8e",
    "/assets/scss/material-dashboard/variables/_utilities.scss": "336914f857e0c62a7c90e40eab1490e2e65dc37a",
    "/assets/scss/material-dashboard/variables/_virtual-reality.scss": "f8f8f56a7dfbca43182f9653f5752b95c8b0cd15",
    "/favicon.ico": "9c39f434fe1261f68c5e3eefdf734630d99c5670",
    "/index.html": "73161f3bfea51e3a65b033a18a1ae3e8b112e548",
    "/main-U4N35DJ3.js": "6069a42cc0e7ac4e77b68485102f4d59b43ba5c4",
    "/manifest.webmanifest": "c33bcf9baaa5178f01db399eb002cba7487cdee1",
    "/media/dxicons-COHMSREU.woff": "223dd66ac8c16f5743240565a9235ea83e601ce8",
    "/media/dxicons-YDVXLDGA.ttf": "9d7c15630ebfc867a5ed9fd25ca03bbdf0f47d2c",
    "/media/dxicons-ZYFW2P72.woff2": "513f00bc8afde44d690393cfca4c7133e0a572f6",
    "/polyfills-CG2UM2YX.js": "8758dc9fb93959b8a6c6ee04793c65df80b82558",
    "/styles-6DTFYEXO.css": "ea6bb1c5c3a331c4e9f2e5adf38ea6ca44c695f4"
  },
  "navigationUrls": [
    {
      "positive": true,
      "regex": "^\\/.*$"
    },
    {
      "positive": false,
      "regex": "^\\/(?:.+\\/)?[^/]*\\.[^/]*$"
    },
    {
      "positive": false,
      "regex": "^\\/(?:.+\\/)?[^/]*__[^/]*$"
    },
    {
      "positive": false,
      "regex": "^\\/(?:.+\\/)?[^/]*__[^/]*\\/.*$"
    }
  ],
  "navigationRequestStrategy": "performance"
}